width,height,mean_hue,mean_saturation,mean_brightness,variance_brightness,sum_edge,matis,Picturesource,RMS_contrast,AVG_entropy
150,119,0.2455082794900474,0.4194245877749488,0.6994090185093645,0.05750644849265817,0.5744582837009757,1,paintings-orient_107_thmb.jpg,0.1933076903307229,5.052312769608291
150,115,0.27571069258791514,0.28956870476906804,0.7019771526001705,0.09579599881827235,0.6102420339819614,1,paintings-orient_108_thmb.jpg,0.2759741329013271,5.133199538620017
134,182,0.18385191548925853,0.2524221332994838,0.6854089282096305,0.035526743411629175,0.4780814185340956,1,paintings-orient_109_thmb.jpg,0.16158323303455352,4.809124134934098
150,120,0.22402666168897079,0.34562780549938565,0.7869143790849673,0.02824212121790764,0.544645572932849,1,paintings-orient_111_thmb.jpg,0.17450213183791502,5.026028258052938
150,121,0.17077519995006635,0.2809033955853292,0.6864214335872091,0.023599418764273523,0.4774442400896781,1,paintings-orient_113_thmb.jpg,0.11969017997518619,5.111974879224906
138,180,0.6719183761405357,0.2809185868095551,0.6959000347320893,0.03776689913950355,0.5282049873221832,1,paintings-orient_118_thmb.jpg,0.1914494049805345,5.066506702638331
139,179,0.16275178124769077,0.33326978204526875,0.7522227764945455,0.06370307531880469,0.5614399314294419,1,paintings-orient_123_thmb.jpg,0.22304961200886086,4.7030352849202695
150,123,0.29829738248101484,0.5044128388225234,0.5975488601944844,0.06650030666230689,0.5812582942336837,1,paintings-orient_127_thmb.jpg,0.20457763831733142,5.087020269931589
150,120,0.4650844886685135,0.4125323666824098,0.49069084967320253,0.051505814409415186,0.4766696765730211,1,paintings-orient_129_thmb.jpg,0.1635151604733783,4.789168604136155
150,174,0.4252173992671556,0.3258107703122006,0.4741651265870333,0.04874367175259713,0.5373058959935789,1,paintings-orient_139_thmb.jpg,0.18405393974439366,5.154482369941728
126,192,0.23653562963775632,0.27929115051540493,0.725916686118892,0.028172821239960746,0.4497936963079376,1,paintings-orient_141_thmb.jpg,0.15432979929198096,5.09222571910581
142,204,0.36511237523060325,0.25063369771983174,0.5539528404568124,0.054928437736772626,0.4424401589435887,1,paintings-orient_143_thmb.jpg,0.20222174095372394,5.095945491197355
150,366,0.20333054281306623,0.45280062768529156,0.778662595092682,0.02612038949313166,0.34350658904845777,1,paintings-orient_145_thmb.jpg,0.16088958857992425,4.684118561541336
150,188,0.47100917069993603,0.5265848389764971,0.673342372409957,0.05976282654526072,0.4569802017678031,1,paintings-orient_150_thmb.jpg,0.14357371411837427,4.654443225759757
150,188,0.2971718926301727,0.3346866985991669,0.5011855096648588,0.04124174327396026,0.3970961343523605,1,paintings-orient_159_thmb.jpg,0.18645666937400063,4.661511715943516
150,127,0.19437219577606785,0.24434190031469952,0.4918365498430343,0.04261243790243947,0.4618465349504278,1,paintings-orient_177_thmb.jpg,0.17284698390640682,5.1025904141125515
135,206,0.14438485900804293,0.35848960620244835,0.514322115757486,0.04573145603567608,0.42616963531000557,1,paintings-orient_179_thmb.jpg,0.17310114613446428,5.042571256154578
150,187,0.34709210154392106,0.24464018699347828,0.5004560483730034,0.04276055138776481,0.47526278345318723,1,paintings-orient_183_thmb.jpg,0.1659293824315523,5.033920466363937
150,186,0.11576466287580903,0.6076236885810155,0.7084961697940824,0.05128729993992378,0.5018753633866535,1,paintings-orient_185_thmb.jpg,0.1786094159312024,4.998196298859724
119,196,0.22634887602269962,0.30718325240138217,0.41193250409407467,0.0314022681387817,0.30521837775438715,1,paintings-orient_186_thmb.jpg,0.1430793163453041,4.473421960881686
142,193,0.3071549146198635,0.4717705778608092,0.4358091043466938,0.06853507068629028,0.27025387591985595,1,paintings-orient_187_thmb.jpg,0.18531616178572266,4.161004036078051
150,121,0.3536789597993508,0.2690532525772781,0.43427083670933936,0.07668161214034198,0.3994380798020443,1,paintings-orient_189_thmb.jpg,0.19537142050660708,4.647581860735147
150,122,0.1646786407949002,0.42815681202542943,0.6411638272795457,0.03174635632766836,0.6095743031063062,1,paintings-orient_191_thmb.jpg,0.16913189450464491,5.325991626897118
150,186,0.15639803997617635,0.4449786412404591,0.5695624428983063,0.026662517179419174,0.4297769156998779,1,paintings-orient_193_thmb.jpg,0.1535260843814363,4.904267543983197
150,125,0.15427885963078533,0.4478833250648871,0.5692053333333332,0.029073842445680894,0.4922295652655159,1,paintings-orient_195_thmb.jpg,0.14405794762525145,5.063071257184153
150,182,0.27995079796644934,0.3525358988456919,0.4406448322918911,0.04185964387531965,0.5575824791200179,1,paintings-orient_197_thmb.jpg,0.15668732676197947,5.258520046091394
150,177,0.41471711671264494,0.3118470042893234,0.43424541191241095,0.023287804165292022,0.46793202194825534,1,paintings-orient_199_thmb.jpg,0.12223037798112998,4.882068786409143
124,199,0.31131783419654274,0.31015470370802106,0.6568555935909782,0.02666547812541671,0.3977966707533715,1,paintings-orient_211_thmb.jpg,0.17010874702625886,4.962816242802003
141,185,0.35253325051902623,0.2912790820424512,0.5636732101312828,0.04438440836566517,0.38378293470689034,1,paintings-orient_213_thmb.jpg,0.16814002540133985,4.964478750091952
136,194,0.40182430899065746,0.3409117196225955,0.4687679104388875,0.04845848704035673,0.5068745873768231,1,paintings-orient_214_thmb.jpg,0.21889043824234777,4.682236439125159
150,123,0.45266871707354106,0.2903333987962637,0.46488421276369624,0.05196594459466832,0.7016919396272638,1,paintings-orient_47_thmb.jpg,0.18939836815034716,5.324577574018583
135,195,0.583862071790016,0.40409314529171536,0.6578908440869224,0.03121307432948388,0.3247446913837228,1,paintings-orient_55_thmb.jpg,0.1764322002645655,4.537113029067056
150,124,0.3300036649807252,0.22035186134445428,0.6097060931899642,0.011164745093860704,0.3045575602753575,1,paintings-orient_59_thmb.jpg,0.08614184735496387,4.093030774049376
150,112,0.30635798835370376,0.3185572131595579,0.47594561157796444,0.06021889102040598,0.6673961524558091,1,paintings-orient_84_thmb.jpg,0.20735627562476916,5.481118947294894
150,125,0.5690939776938576,0.3242452827005845,0.5660825098039215,0.03908131289378547,0.5341034639487237,1,paintings-orient_99_thmb.jpg,0.18108514656850794,5.1258249212335425
250,337,0.14191070790337387,0.1213108573793271,0.817182242392506,0.02459582705624439,0.44762254717911404,1,paintings-select-gp.jpg,0.17255995489658302,4.7820587198717615
150,116,0.33863876731269577,0.39314891921143147,0.7324575163398693,0.022449597304897467,0.5227174635331576,1,paintings-thmbnls150--aq.jpg,0.17582965389387198,4.934805398425512
150,116,0.3146360076743644,0.31518224943695766,0.6121917962587333,0.019139691294022963,0.35116426458108385,1,paintings-thmbnls150-aa.jpg,0.11118926273796194,4.776272232936738
150,121,0.6784408305130473,0.483806165571017,0.5777047480149083,0.039499774824670236,0.647024745954993,1,paintings-thmbnls150-ab.jpg,0.177467822340115,4.897173066233643
135,172,0.45851410307706303,0.3618402452499358,0.7202455624799445,0.02892895759154404,0.3610478069164982,1,paintings-thmbnls150-ac.jpg,0.19958943434003296,4.481334373216695
133,205,0.6114718805416823,0.1943535236271352,0.5323761340222867,0.024835051089528853,0.3722357363924532,1,paintings-thmbnls150-ad.jpg,0.12437474623418678,4.757223871480922
130,195,0.14093747364738501,0.38237281070822754,0.6077351587577832,0.03926568360122896,0.533924267055819,1,paintings-thmbnls150-ar.jpg,0.18662631968026033,5.31404171320678
139,198,0.33693646397433896,0.21799183051738336,0.6045486605368112,0.02644308222247158,0.3443006808117418,1,paintings-thmbnls150-ba.jpg,0.16904180191032478,4.7809587222274965
129,171,0.4644669150071132,0.16373873208655917,0.47393878626748764,0.02432090298556409,0.34453429440470174,1,paintings-thmbnls150-bb.jpg,0.16188612918471781,4.809606503759797
136,191,0.24064150465399192,0.3746268115420428,0.5687278453112073,0.04104092179823718,0.5433104960216107,1,paintings-thmbnls150-bc.jpg,0.19844356530862575,5.141422366515701
131,189,0.36200679847673206,0.255794301419278,0.5346786947744888,0.03689429071255238,0.3793045398113349,1,paintings-thmbnls150-bd.jpg,0.1584004253965375,4.845199177852283
150,118,0.21835517167885718,0.297080833773342,0.8648731583028693,0.015458411515082414,0.4295250058727531,1,paintings-thmbnls150-bf.jpg,0.12958138985977957,5.226838146967387
150,131,0.1726270063181355,0.2700696416896109,0.6930110262934691,0.03900282022350245,0.6932182707871725,1,paintings-thmbnls150-bg.jpg,0.16058647310881152,5.457609722175303
150,121,0.22107619644526974,0.24978075032120348,0.7671361745800249,0.0341420414387114,0.5750706337934045,1,paintings-thmbnls150-bh.jpg,0.1723692146644974,5.428511744432053
138,187,0.4238115554457843,0.21387325758748996,0.7171604718768854,0.0196845487395733,0.32072809751795645,1,paintings-thmbnls150-bi.jpg,0.15453725967088414,4.834410740834725
150,179,0.21427525381994109,0.30817367979287646,0.77426647679556,0.04240080881502362,0.5728651814135313,1,paintings-thmbnls150-bj.jpg,0.2048857615369697,5.415231584257333
150,179,0.2737639250691134,0.3887824657970706,0.6333707233358893,0.054271767446086486,0.4288696794955594,1,paintings-thmbnls150-bu.jpg,0.16467318842319195,4.706920588001834
133,197,0.5900824383514245,0.2903221626804949,0.541101185331199,0.04640480606168639,0.37026670609771195,1,paintings-thmbnls150-bv.jpg,0.21496957653937557,4.581367369219348
150,121,0.3233943177185607,0.19103868147002953,0.7496204829039054,0.03342816940417812,0.47195518932344904,1,paintings-thmbnls150-by.jpg,0.20458022103896187,5.124800256932628
150,192,0.5177699340074178,0.33880918349985006,0.6828062363834422,0.05681248141738502,0.4470966971883834,1,paintings-thmbnls150-bz.jpg,0.232393160914447,4.985255516746232
139,181,0.17537967181850264,0.27533217282336586,0.7240993555496845,0.036116280818555495,0.5771021659329316,1,paintings-thmbnls150-ca.jpg,0.1973779935248273,5.34748953313249
141,175,0.44611425378136177,0.2080895714055783,0.5629505135387488,0.04434430872242282,0.3603426746146741,1,paintings-thmbnls150-cb.jpg,0.19794144524916085,4.767571916144414
150,188,0.2951144153325578,0.1773897306214208,0.6462177722152691,0.04835690631645836,0.38532718071114075,1,paintings-thmbnls150-cc.jpg,0.21430045224531355,4.71091513844564
139,194,0.6571178888477932,0.1600199206356861,0.33721243744846463,0.027507644703253502,0.2693219224453799,1,paintings-thmbnls150-cd.jpg,0.13343966117502062,4.107549562078462
150,188,0.20349793270960662,0.3352278650033923,0.7449567514949242,0.03856058929608487,0.3221246110110925,1,paintings-thmbnls150-ce.jpg,0.2518668839712915,4.455999033386202
150,184,0.39988422909404725,0.1946709213939187,0.5995441886899687,0.05005002598115326,0.6415042176727069,1,paintings-thmbnls150-cf.jpg,0.2251177780256691,5.182398894894432
139,202,0.34116916260112573,0.25131618792221033,0.7128113700070811,0.030440143061819726,0.45490503258316395,1,paintings-thmbnls150-ch.jpg,0.14140282423755413,5.174887521047374
137,179,0.5855321105571418,0.20983766130317252,0.44522381149988843,0.054805716147790805,0.559195696084252,1,paintings-thmbnls150-cj.jpg,0.22078045079108874,4.8498747111301785
142,180,0.3875452179413247,0.3240749866904601,0.6875588388720122,0.04438099314441455,0.44490317195145573,1,paintings-thmbnls150-cs.jpg,0.1731259727575513,5.002341930543827
150,124,0.4090583345148856,0.2524479375817772,0.6359787054606789,0.0488557504115945,0.5652516321298626,1,paintings-thmbnls150-dc.jpg,0.21533277030079637,5.034137713526083
150,101,0.5230797537899978,0.27478602285948095,0.5319293341098816,0.0930189217405279,0.6898096386354444,1,paintings-thmbnls150-dd.jpg,0.26967280161142504,5.088843970930847
150,124,0.6226733530254657,0.3793201915656514,0.671427999156652,0.024648538057105047,0.4704521009269573,1,paintings-thmbnls150-de.jpg,0.2086046131698065,4.946729844225923
150,183,0.4307819002465685,0.19721267341618176,0.7551731133254759,0.04181184693004111,0.43505430708155624,1,paintings-thmbnls150-df.jpg,0.20474129253079237,5.133528764649491
150,111,0.5231199662514352,0.396068362175516,0.7174129423541189,0.03550278459174145,0.7803922316261874,1,paintings-thmbnls150-dg.jpg,0.17326957401146734,5.116467216800601
130,189,0.2837863204784536,0.34841819933072654,0.8421719457013576,0.022791261218706282,0.4235667727890616,1,paintings-thmbnls150-dh.jpg,0.1869610576452867,5.368946178526821
131,179,0.4873991432322203,0.22022490792359123,0.6491038122784617,0.040712198932519886,0.5091014636820896,1,paintings-thmbnls150-dr.jpg,0.20227692092896493,5.171739445080757
148,187,0.3361658948313368,0.20708920610364642,0.6550776633821617,0.06466020325758759,0.4394340405440549,1,paintings-thmbnls150-ds.jpg,0.1990747528745639,4.852870479391526
130,179,0.26443422904892333,0.19890978807816645,0.720023761975783,0.024747429789665147,0.374447695763406,1,paintings-thmbnls150-dt.jpg,0.14732854091781952,4.878397935818846
150,186,0.21892012872649722,0.236125116318613,0.6065913275704546,0.030972986735265773,0.4215178743182546,1,paintings-thmbnls150-du.jpg,0.15247046507869572,4.852547567886898
150,131,0.36055968418247997,0.28225131384542146,0.6910550316818838,0.0245512158910331,0.38707694111209967,1,paintings-thmbnls150-dv.jpg,0.1261841567796453,4.726590760609274
149,113,0.540532454160749,0.29960882893404683,0.644853363332623,0.026396318398138167,0.6410737648337508,1,paintings-thmbnls150-dx.jpg,0.1801929554983411,5.420367661438831
150,111,0.32758428768456765,0.3655185203710601,0.6594943178472591,0.058005429509423244,0.6084124811359656,1,paintings-thmbnls150-dy.jpg,0.26229976623018725,5.207444613484989
150,126,0.537781814151284,0.311858899771995,0.5657572362278244,0.023787007895968843,0.3579264900327876,1,paintings-thmbnls150-ea.jpg,0.13282609849284124,4.405845407963499
150,177,0.4149101752824233,0.32891179298015694,0.7927289243380968,0.01077311624944474,0.30512892448715406,1,paintings-thmbnls150-eb.jpg,0.1151456686074863,4.510786675606006
139,214,0.31896917318384527,0.2556838541564551,0.6291324060048277,0.023934265413034603,0.3403325351693793,1,paintings-thmbnls150-ec.jpg,0.1196047969326483,4.705208039300224
150,120,0.514263189179792,0.17117772777042983,0.6619488017429194,0.021878572200388267,0.30490491961459754,1,paintings-thmbnls150-ed.jpg,0.1508813032420883,4.683760803559104
150,177,0.5259050306900847,0.25932574413521364,0.6833778664007977,0.03136464329665264,0.3407748235114093,1,paintings-thmbnls150-ee.jpg,0.17418956695814256,4.6254870328963635
150,102,0.2399783538494616,0.14403020554082968,0.6337747020376777,0.046793231553061025,0.6154480576634459,1,paintings-thmbnls150-ef.jpg,0.22894065494624027,5.048837283855925
150,201,0.6331602483210925,0.1956045821898568,0.4122215068448607,0.04393259890848462,0.2071807004445112,1,paintings-thmbnls150-eg.jpg,0.21984001200514133,4.107501824764791
150,195,0.41255285382432827,0.3810228055281851,0.642988838612368,0.029987100611169378,0.4569168780106345,1,paintings-thmbnls150-eh.jpg,0.16805116269995393,4.773476166778481
150,95,0.40502243598333637,0.2549339567832418,0.5653886480908152,0.07512810651216965,0.73898977906799,1,paintings-thmbnls150-ei.jpg,0.2655750188560747,5.23732268470225
130,205,0.5632788788331181,0.15271034772758874,0.7213935180075781,0.021684776089461566,0.3980730292607111,1,paintings-thmbnls150-el.jpg,0.13988696708198997,4.951804666008855
143,212,0.3928960016634235,0.2818807693784938,0.5325101092026729,0.080831845889663,0.5804180710735471,1,paintings-thmbnls150-en.jpg,0.22208712472582737,5.057284510305826
133,203,0.32111039046936424,0.27144782956021746,0.516952189224147,0.036041087266366394,0.41622308254038143,1,paintings-thmbnls150-eo.jpg,0.1606040076875124,4.6416444613093795
150,190,0.2913768679545866,0.21435981686318792,0.6173282421740626,0.05814396062619095,0.44127312627404747,1,paintings-thmbnls150-ep.jpg,0.22740977629967576,5.0592929101026
150,196,0.22438178322524288,0.3508800150543604,0.6528855542216887,0.08031486167560263,0.5745462189652503,1,paintings-thmbnls150-eq.jpg,0.2624372297710877,4.978471780047867
150,191,0.2409032408213682,0.29519318774382763,0.6507979331348596,0.06171973270017185,0.6154892028936066,1,paintings-thmbnls150-er.jpg,0.24049010842261362,5.239845029978707
140,180,0.4218140200550069,0.2716651395050583,0.776358543417367,0.030969247132404162,0.4629617092538699,1,paintings-thmbnls150-es.jpg,0.16494884405885094,4.807189253436191
150,129,0.14105893542191655,0.2709909963035597,0.8098637077570048,0.019010810195310673,0.5762860047292591,1,paintings-thmbnls150-et.jpg,0.15436806235066292,5.4297494593246425
150,180,0.2939528900548659,0.23567941840631776,0.7149516339869282,0.034365798036652566,0.41383188348766015,1,paintings-thmbnls150-eu.jpg,0.2022344114171345,5.151225378791243
150,222,0.4072333718845235,0.13298094893739743,0.6092219278101632,0.02422439027985108,0.3409257186474668,1,paintings-thmbnls150-ev.jpg,0.16845439516360808,4.820650728751782
150,199,0.3190947778188919,0.21357673537070074,0.6336688672118764,0.03955984766938675,0.4680561441373681,1,paintings-thmbnls150-ew.jpg,0.20554616593135763,5.022649104857981
150,187,0.22786480943749418,0.23807960807741124,0.6887306280801091,0.03630528775541649,0.46444989006731785,1,paintings-thmbnls150-ex.jpg,0.21238322247861977,5.108931698279817
150,203,0.2671681294754581,0.35467561184625274,0.6436901381242152,0.050643527278162355,0.7934755455629044,1,paintings-thmbnls150-ey.jpg,0.20061939093862038,5.50009791691098
150,107,0.20902528563698414,0.3673791082562783,0.7088996396066214,0.01741906175973722,0.4412232352342776,1,paintings-thmbnls150-ez.jpg,0.178208939288297,5.123990091438593
150,189,0.39676070928053564,0.29817358567958024,0.697656880035965,0.04136569289775915,0.5095925315232741,1,paintings-thmbnls150-fd.jpg,0.22536575091987043,5.107314087048393
140,172,0.14314326726501783,0.3291682244164808,0.6877980261872192,0.02890621075562538,0.45991659233755305,1,paintings-thmbnls150-fe.jpg,0.19573439214270064,5.079973407673441
134,179,0.2929350497622353,0.3461322100662179,0.5409467614278264,0.05528648516770663,0.533986089274249,1,paintings-thmbnls150-ff.jpg,0.2103068087673533,5.12116300341426
150,127,0.27200459635143126,0.28809120265308386,0.6888849776130924,0.047996186120796695,0.7516177323222079,1,paintings-thmbnls150-fh.jpg,0.2277246144606496,5.538949697425748
150,195,0.2688529842997817,0.34239224590573414,0.7111723814312051,0.05237126769425124,0.5536329324448819,1,paintings-thmbnls150-fi.jpg,0.2263343990458561,5.1513938644844375
125,188,0.40275851446982464,0.41280775116071405,0.6548153525239884,0.047800831783408854,0.7122216259983437,1,paintings-thmbnls150-fj.jpg,0.23370384274020242,5.30120526877612
150,129,0.23678593988206872,0.3285306879763598,0.5524438364493084,0.055063015738955404,0.5005781815523032,1,paintings-thmbnls150-fk.jpg,0.21072864413786896,5.015897130275137
144,183,0.29360505660034547,0.3279486378541237,0.6678341190756812,0.03653339133064397,0.29467357124088,1,paintings-thmbnls150-fl.jpg,0.14553021410256858,4.567852896189939
150,92,0.20492447817744938,0.4467316006082562,0.6629235578289286,0.08965141101967392,0.6023846384446878,1,paintings-thmbnls150-fm.jpg,0.20184507041587957,5.1252770496565265
137,183,0.2773995873137697,0.1745906076942794,0.6995269121968121,0.03517246200013155,0.33707037346322616,1,paintings-thmbnls150-fo.jpg,0.1692635553317934,4.915486602418698
150,185,0.33784668930125894,0.3098702847481881,0.5892527821939587,0.05484117412465304,0.5867149885250998,1,paintings-thmbnls150-fp.jpg,0.21866641481478596,5.1156138466669105
150,182,0.3536468921517124,0.3233277018615724,0.6492652445593623,0.04274956174371362,0.3977051755738779,1,paintings-thmbnls150-fq.jpg,0.18545676244339385,4.980838616020423
120,198,0.20463073509730528,0.3702093409804284,0.6650932527893313,0.04495728278854441,0.8171198342318208,1,paintings-thmbnls150-fr.jpg,0.18162160322341037,5.427857667556121
150,206,0.470651865238933,0.30551260189113805,0.5642101656196459,0.037952859182247375,0.48685864730533257,1,paintings-thmbnls150-fs.jpg,0.15106708018989132,4.765329142563487
150,209,0.5368508583922847,0.20020530058206296,0.5422607499140006,0.031605388615241266,0.517852092350523,1,paintings-thmbnls150-ft.jpg,0.15863811913694448,5.085250577377401
150,182,0.23293089045741175,0.35650431726984055,0.7275618760324642,0.03818490728084816,0.40006706858486535,1,paintings-thmbnls150-fu.jpg,0.1981071860608671,5.069361289994094
150,153,0.4289754581280804,0.3947408710027469,0.5786048101157675,0.06086730885977107,0.6898427457315229,1,paintings-thmbnls150-fw.jpg,0.19254625739430112,5.2499499408194295
125,205,0.12881730529818608,0.2531653072646699,0.7164480153036826,0.03872493102711377,0.22946518462253176,1,paintings-thmbnls150-fz.jpg,0.15612479026914106,4.379388379566639
150,196,0.3673192780164319,0.43674324828810623,0.47972869147659064,0.13609911231442023,0.6002371221612736,1,paintings-thmbnls150-ga.jpg,0.337565084112228,4.692085640191166
150,108,0.29383441143407946,0.325350958582396,0.6044747034616315,0.05673499812717852,0.7488127506273724,1,paintings-thmbnls150-gb.jpg,0.20990555958584994,5.383190549950609
150,189,0.249512806034341,0.5561833026278705,0.7157580661894388,0.058455813019266174,0.6269853562703961,1,paintings-thmbnls150-gc.jpg,0.21334268709657722,5.096634412993505
150,191,0.2530099858769654,0.19004834879711605,0.7999572939123294,0.014654508422953802,0.42452499553583806,1,paintings-thmbnls150-gd.jpg,0.15098690170959567,5.012162072117264
150,120,0.1990280505801657,0.26662205911534237,0.8381126361655775,0.023875886104157473,0.3839665652997655,1,paintings-thmbnls150-gi.jpg,0.16629869250245763,4.651402448077723
150,190,0.38614463873824634,0.18928854846051266,0.5826538699690403,0.03633401737605715,0.5903827964878894,1,paintings-thmbnls150-gj.jpg,0.1939519115318964,5.150807689935056
150,131,0.3624492221387825,0.21477647911928216,0.7689303996407724,0.02753966715217424,0.5353954066090435,1,paintings-thmbnls150-gk.jpg,0.16412548891945494,5.229967126037817
150,105,0.27795356012552586,0.14190219343354243,0.5930666666666667,0.042292426499697916,0.7084654778760661,1,paintings-thmbnls150-gl.jpg,0.20244744125736572,5.388782237860794
141,193,0.5540914800295124,0.45270869643774203,0.5418601115527973,0.018766479641003357,0.3153161770546415,1,paintings-thmbnls150-glimpse.jpg,0.14691606372997584,4.604252039633756
137,207,0.4818670594524309,0.3807807441035305,0.7055813107710731,0.07613369192074441,0.43964885160915446,1,paintings-thmbnls150-gm.jpg,0.25846668314506854,5.2031667361045395
150,114,0.4055543792127602,0.28873473105664277,0.5773736956771012,0.07389532600690063,0.5681836610866331,1,paintings-thmbnls150-gn.jpg,0.22430688078529668,5.131279768580733
150,119,0.2844767253314584,0.15234261835683752,0.5924448838358873,0.03769844239016818,0.5399425713800343,1,paintings-thmbnls150-go.jpg,0.1833707198411573,5.385371974701315
124,193,0.2263608144755368,0.2667684391415739,0.5310112311680482,0.056155926245729695,0.6515655514538199,1,paintings-thmbnls150-goldfish.jpg,0.19666588367938795,5.426660933287265
137,179,0.3149326610525257,0.0894426452295272,0.834943266545292,0.0118204529406601,0.5156480442874077,1,paintings-thmbnls150-hma308.jpg,0.11817135426274261,5.1967613825179315
150,185,0.5195426115554496,0.2195457979800209,0.5350021550962728,0.023352807581488406,0.4863621763253667,1,paintings-thmbnls150-hma313.jpg,0.14014386562313083,5.19304440634981
128,188,0.545709178340419,0.3888461564264087,0.6257025383291615,0.01615085483060299,0.34886149593383403,1,paintings-thmbnls150-hma322.jpg,0.11086075692572502,4.647465953660322
150,186,0.4837888236071346,0.16531861744031445,0.44907400379506646,0.039425052471925175,0.33219249078515045,1,paintings-thmbnls150-hma340.jpg,0.19904869206804793,4.756223412023394
150,191,0.5078661780631314,0.21226638189159425,0.4401982000479075,0.06588861908615591,0.5473547592963091,1,paintings-thmbnls150-hma96.jpg,0.2504447489792172,4.986275998728565
150,226,0.40889623684653364,0.21939725245730496,0.4035112499276997,0.04763196722517246,0.4530999260985184,1,paintings-thmbnls150-hma97.jpg,0.20559525622987834,4.7931553341896445
150,121,0.6875964967599723,0.18322403081932076,0.4899316156214552,0.03654677885565756,0.36516512918904026,1,paintings-thmbnls150-pntng43sm.jpg,0.20398128700260612,4.4897701693050145
150,194,0.2661101553126348,0.2248482067757773,0.6509758102553737,0.032074373699925045,0.5938756537136306,1,paintings-thmbnls150-q_109.jpg,0.16939442695454338,5.4129367522720315
150,191,0.12512893293725336,0.21435025898957066,0.8508915580193683,0.013592916295930972,0.3097639081238092,1,paintings-thmbnls150-q_133.jpg,0.12960585463838456,4.601830140120205
143,180,0.38698902092667203,0.7048894110651153,0.6961565885095297,0.05799737939288434,0.41317630480201567,1,paintings-thmbnls150-q_152.jpg,0.18767259866190164,4.179589486143946
150,198,0.32290708540118096,0.37105184448507056,0.5598014128210206,0.07931706051303507,0.49177578421402146,1,paintings-thmbnls150-q_84.jpg,0.2428588612750111,4.884912957903075
120,191,0.5787146561526787,0.5002118926432951,0.37581117612839204,0.07821335192570161,0.480785776371284,1,paintings-thmbnls150-q_85.jpg,0.25256140135742894,4.927423374402748
150,183,0.3275990354501075,0.3129303249862127,0.5011643272974035,0.054250437648288095,0.4442589352221655,1,paintings-thmbnls150-self.jpg,0.245269815800822,4.852201463547705
150,113,0.491444623225526,0.5922233120173427,0.5969097113771763,0.07298590024375973,0.9618920476205037,1,paintings-thmbnls150-stilllifea_sm.jpg,0.22873048656428088,5.470943327985285
150,116,0.19838611895422537,0.4618360637003038,0.7238190218616184,0.04849189312864768,0.7717826673617947,1,paintings-thmbnls150-stilllifeb_sm.jpg,0.18334476673700967,5.254856908310408
149,188,0.18915436498175286,0.2204404439094696,0.5872906009469331,0.05490998416434887,0.657061137608619,1,paintings-thmbnls150-zb.jpg,0.21315024121834697,5.305850322338453
142,190,0.247459395605991,0.42497952742319284,0.6124182037529615,0.09702055335264011,0.49838256266936243,1,paintings-thmbnls150-zc.jpg,0.3014534050684906,5.063866460173814
150,99,0.28986269663565556,0.3489065215576574,0.4966359014986466,0.06400599656546888,0.6507995670681718,1,paintings-thmbnls150-zd.jpg,0.22922328216580481,5.315705756176852
149,180,0.18271397568713985,0.41189718684763815,0.3919727741954351,0.041855363894797284,0.4659815495389308,1,paintings-thmbnls150-zl.jpg,0.16175615563522378,4.767708084463176
150,185,0.17649697624702237,0.3667365245082906,0.7095939233350997,0.03456676464720464,0.5296928679533004,1,paintings-thmbnls150-zn.jpg,0.20249804172152613,5.148838404509904
127,192,0.3111882599486844,0.4384718903920093,0.6246214168081932,0.06545912412035867,0.3702905197037199,1,paintings-thmbnls150-zp.jpg,0.23907285811606194,4.759942006585013
150,103,0.1555441015945731,0.5636532789924614,0.6970972777460499,0.03425805672393115,0.6233153612010727,1,paintings-thmbnls150-zq.jpg,0.18006289701975167,5.30731708280369
150,190,0.5986812136457048,0.1796340687067118,0.49635830753353977,0.02944504952164502,0.38675515612667266,1,paintings-thmbnls150-zx.jpg,0.15288538607708366,4.493796665622642
112,200,0.19543199605194814,0.5874779503788959,0.4528354341736694,0.11850660303287981,0.43340247964033335,0,images-works-101_s.jpg,0.27957292508284287,4.135207202727619
143,200,0.25506412517430316,0.35662664655422693,0.48695817907582617,0.05663705608782938,0.36427270812193063,0,images-works-102_s.jpg,0.2116093274604997,4.801451345376087
163,200,0.2322958414269607,0.4234246594170574,0.45497606159028026,0.043691594955335915,0.4108768729755163,0,images-works-106_s.jpg,0.19721316248787182,5.0359189667857445
138,200,0.25816793800446747,0.24022754647970818,0.5393452685421994,0.025192546826665236,0.2398388361072931,0,images-works-108_s.jpg,0.17816327102520044,4.5394352093761015
158,200,0.4289923418757016,0.3312409928783139,0.4435140233308514,0.0860809602506425,0.7579640922212226,0,images-works-1107_s.jpg,0.28436655598172306,5.360789524817685
155,200,0.3161369099618393,0.05160756434051599,0.8719163820366858,0.007799930659807862,0.3418324288246425,0,images-works-117_s.jpg,0.08665965228413597,4.263642885604261
221,200,0.1774727030614595,0.7415404861777389,0.4698556472362701,0.06701584337044181,0.47323433613442123,0,images-works-120_s.jpg,0.22884358861821205,4.445375621525377
239,200,0.2757600096272171,0.4592888950069451,0.4921829518418246,0.07531861735973294,0.33306252330916813,0,images-works-122_s.jpg,0.23517876396126478,4.045328354896586
165,200,0.44800313344942355,0.15731192329847254,0.4850442067736185,0.06998200364966643,0.4998503758086005,0,images-works-1233_s.jpg,0.2699822709810911,4.7997302266224064
138,200,0.3300335412006365,0.5076446345570547,0.5194150326797385,0.04632937793202911,0.31804532839185257,0,images-works-125_s.jpg,0.2103794758841194,4.660423943496376
156,200,0.33139512582861536,0.5848413941382504,0.5168856209150327,0.10433855506182697,0.7975402917133605,0,images-works-1263_s.jpg,0.22008566824811931,4.688514231786012
161,200,0.14900876748181147,0.34561679042128174,0.6275691146023626,0.02859396494874313,0.29493641198099635,0,images-works-127_s.jpg,0.17887324444657624,4.747323458711095
151,200,0.45763599549341927,0.4005558975646825,0.6880468770289573,0.030584411133127654,0.370744092558269,0,images-works-128_s.jpg,0.19776491979182442,4.837913788951251
150,200,0.6246111673338188,0.23970791128879762,0.393242614379085,0.03230069990796702,0.33254042704746745,0,images-works-137_s.jpg,0.15893467895833246,4.613834387256166
146,200,0.31026891217663544,0.4775162269578111,0.6225261885576149,0.039626403443498534,0.6343083207157315,0,images-works-1450_s.jpg,0.19443787245150526,5.37453922389014
146,200,0.16953604426550958,0.2914845324167264,0.5401216760676874,0.03234024294616827,0.338677960819203,0,images-works-1453_s.jpg,0.194807177673976,4.614903291595377
165,200,0.31525425058148737,0.5225964267623384,0.5874552584670232,0.07723942556393334,0.4872894530051352,0,images-works-1459_s.jpg,0.26275147917167274,5.015289319335418
258,200,0.3550983435611894,0.6031331692246649,0.7192654658762729,0.032840266172391074,0.697097910586974,0,images-works-145_s.jpg,0.20666714957515425,5.285526043440301
140,200,0.2779262914474357,0.017375384230273253,0.6189883753501402,0.06315460335253709,0.373996105149973,0,images-works-1462_s.jpg,0.25052654603522556,4.490984559939139
166,200,0.31165012061659614,0.3480664665676531,0.655528112449799,0.044067513697862,0.5683430568455322,0,images-works-1471_s.jpg,0.20210956697762622,4.796490242949275
140,200,0.21009611390897923,0.026851325685423984,0.6949093837535014,0.04951482709929069,0.37453416490845975,0,images-works-1480_s.jpg,0.22329542583474724,4.435926733467356
166,200,0.19121142898264815,0.7072240026202007,0.5658073470351995,0.07126721133885885,0.4977325838186906,0,images-works-1482_s.jpg,0.20696139940202185,4.529649650139446
156,200,0.3140304419813271,0.46370762904297824,0.24921618903971843,0.058068896380823534,0.3471744420610695,0,images-works-1483_s.jpg,0.20101533362533627,4.403813296034658
250,200,0.3776038872072177,0.4767946376946702,0.5775242352941177,0.06858291627924029,0.5571664788447601,0,images-works-1486_s.jpg,0.21685920875026934,5.081854633671558
133,200,0.4595962728172933,0.4577166623778611,0.5602602093468967,0.08293783702987469,0.9611698364728618,0,images-works-148_s.jpg,0.28058224347741195,5.106467526333875
130,200,0.13334351802992137,0.36881006746941325,0.6691340874811463,0.04964106943662997,0.5154803567335217,0,images-works-1495_s.jpg,0.23431581095890014,5.162507137690849
253,200,0.2876758621652952,0.549724377417751,0.4074614430752538,0.050200543007879954,0.340471513004373,0,images-works-14_s.jpg,0.17688655446602636,4.474819149601512
165,200,0.1747605289300074,0.4536090609483002,0.6807742127153892,0.038051983167807536,0.5500735655535779,0,images-works-1513_s.jpg,0.19159485354041866,5.023209407103383
159,200,0.191079918564857,0.464611301439656,0.600204834134912,0.08451239907315666,0.49941923248122333,0,images-works-1518_s.jpg,0.27951225986655676,4.36734025602241
156,200,0.2847708048736825,0.5240644669618674,0.5846742081447963,0.07695282404431006,0.3912032091387987,0,images-works-151_s.jpg,0.2326450705655742,4.424365758147883
166,200,0.3461328457380165,0.5339967511219087,0.42375891802504134,0.06225756418415564,0.5121831866357891,0,images-works-1525_s.jpg,0.23924625323117543,4.940055954354893
269,200,0.33333714575507056,0.4331809784493548,0.43667905824039643,0.09043090145849687,0.6759696742119665,0,images-works-1526_s.jpg,0.27938307369196175,5.082537598885951
150,200,0.2331014069757488,0.6497355328711575,0.506195816993464,0.061517669778222046,0.7722207764856568,0,images-works-1528_s.jpg,0.18442284576288365,5.171274757727239
112,200,0.1891466770508118,0.2535092487898649,0.785435574229692,0.010193036232139914,0.23523957642171062,0,images-works-1529_s.jpg,0.12602288096161907,4.053194927431572
164,200,0.370827744139042,0.38563404443172455,0.5072330224772835,0.06385140053028099,0.5328468543415043,0,images-works-1535_s.jpg,0.24137287744363065,4.722952735218221
153,200,0.1788873567182435,0.6211461704262572,0.6854061258490325,0.07841856276330725,0.5056914930144115,0,images-works-1543_s.jpg,0.21696900988358211,4.910687743329494
166,200,0.17372655913480867,0.4443650029501909,0.5787759272383652,0.07681030544700726,0.5211565205130256,0,images-works-1550_s.jpg,0.27069786284354197,4.716522966921135
273,200,0.36109679226170904,0.45650701137926014,0.46892997198879544,0.08339254613942108,0.3943161437371499,0,images-works-1562_s.jpg,0.2797373328130012,4.34689114413219
141,200,0.4149719481565841,0.40714943466016834,0.49209539702405786,0.04749586714994974,0.6459696717545811,0,images-works-1563_s.jpg,0.22213935894967296,5.456762864523837
167,200,0.3096637173755904,0.1930930862492498,0.41222179171069623,0.06075327510793495,0.3007300936653917,0,images-works-1575_s.jpg,0.20912543394089875,4.466725264056121
160,200,0.43595649926739233,0.2897537744003702,0.605469362745098,0.04826462759365389,0.5019654728441503,0,images-works-158_s.jpg,0.24990937803378468,4.823695456518057
141,200,0.2859779169403834,0.08970695240418483,0.3635979696843276,0.05689914036403955,0.5464539354249418,0,images-works-1598_s.jpg,0.2335535467212132,5.105454403199739
152,200,0.38787422942873334,0.39186124600566585,0.39210294117647065,0.05281518052393816,0.4299615422662854,0,images-works-15_s.jpg,0.21847646981701588,4.8960320656401395
132,200,0.12113512887615016,0.1425617163346321,0.823105466428996,0.03168916469499087,0.35094618613216894,0,images-works-1609_s.jpg,0.18639934698783095,4.587352204123874
142,200,0.23941659165061194,0.29180940111109616,0.4864839823253245,0.06697935028710365,0.5557084990795129,0,images-works-1613_s.jpg,0.2341559383734182,5.2642454000739
148,200,0.3231626891068561,0.38639835125619076,0.5324481981981982,0.10943913205684992,0.642339296702288,0,images-works-1621_s.jpg,0.3458991083584025,4.979342787142365
150,200,0.2330006355182743,0.457041574392528,0.5877631372549019,0.11764590906840958,0.28470826980302877,0,images-works-1641_s.jpg,0.24886225304763376,4.05535159080664
137,200,0.3908886862830465,0.44881165042036014,0.5635842278517246,0.10665367977301649,0.6634023811826838,0,images-works-1651_s.jpg,0.30787284201088144,5.01060000274088
150,200,0.15649249876596244,0.6218710597906716,0.5670745098039216,0.07655819019351531,0.5976088877275789,0,images-works-1663_s.jpg,0.24348432158607003,5.096644454546483
157,200,0.19931963634340708,0.615141557692923,0.45002847508430127,0.13151481857514802,0.5750036788545294,0,images-works-1670_s.jpg,0.24472956845240326,4.582848585664067
132,200,0.11779467379426109,0.48150202514248375,0.5761601307189541,0.043669339613940254,0.7536238524383436,0,images-works-1681_s.jpg,0.20060392326753293,5.3633212352742605
132,200,0.28059411205762136,0.6225435298006071,0.39594979203802727,0.08966607807753181,0.8562876239506683,0,images-works-1687_s.jpg,0.24476936285889242,5.010314469398875
143,200,0.27540313611724543,0.23917655246059039,0.6437363225010284,0.06943370010016761,0.39296921227557324,0,images-works-1696_s.jpg,0.2644450783674206,4.725265784972259
156,200,0.1019435999073745,0.7701362315281155,0.5794030920060331,0.04409115446100802,0.49286485708733174,0,images-works-1702_s.jpg,0.11286802309254558,4.62579301502863
148,200,0.5435596862396499,0.39718837454075,0.15286155272919977,0.049459757056674415,0.19439567127429289,0,images-works-1706_s.jpg,0.18764694125820652,3.8141643146200943
448,200,0.35821135231864587,0.1621836964942143,0.4869747023809524,0.09337102068767918,0.48493165864104293,0,images-works-170_s.jpg,0.3002473779187932,4.877711876156042
159,200,0.20569364645480331,0.6060982850669522,0.38954679985201623,0.07402008820739547,0.48846395768569467,0,images-works-1712_s.jpg,0.2299941613823293,4.6470396254756015
160,200,0.44071769012266443,0.13121584512834006,0.6141045343137255,0.08703389131210051,0.6441008248000138,0,images-works-1718_s.jpg,0.29829789061437584,5.3658890637850645
148,200,0.5692326886926679,0.37205703887186775,0.7040772390037096,0.02584277531368575,0.47142608285726567,0,images-works-1719_s.jpg,0.23151580300563643,4.825432337419747
138,200,0.32652222140967707,0.4514462027397939,0.3783651605569764,0.12088770324235884,0.6482558620411443,0,images-works-1722_s.jpg,0.2709639949646509,4.010896617001545
157,200,0.5184377969714161,0.1827536301673185,0.5785182964905707,0.06764664769931157,0.6972636784181989,0,images-works-1726_s.jpg,0.2641342830123632,5.480807622277133
154,200,0.3596778118819444,0.4511295713413366,0.568067354214413,0.10421792053718262,0.5317132648457418,0,images-works-1728_s.jpg,0.341307915141436,4.550488778287317
148,200,0.38679507000077445,0.5574024729292759,0.5106242713301536,0.05156606954733655,0.33615970179997945,0,images-works-1731_s.jpg,0.22532494751418888,4.282021214564825
146,200,0.1564213595162059,0.5786798532052898,0.5713063389739457,0.06476996986217318,0.6404551946269329,0,images-works-1736_s.jpg,0.23998748275848972,4.896849554084669
163,200,0.27307689910779176,0.6165553087248463,0.5119486346685914,0.06762384183859718,0.8462828992676377,0,images-works-173_s.jpg,0.2317402226608016,5.341294051990105
141,200,0.24051021672276374,0.3631692434683263,0.48590599360311504,0.13217985279812036,0.3897746781549538,0,images-works-1742_s.jpg,0.2990441528585729,4.319847455968716
148,200,0.3097115128276622,0.477912174501961,0.4632534446210917,0.10827488471996849,0.6285951789746598,0,images-works-174_s.jpg,0.31327248086138576,4.72888158199512
126,200,0.10542197270688608,0.1734893400253557,0.5889042950513539,0.060358146507186745,0.7360883383061213,0,images-works-1755_s.jpg,0.25366678430865824,5.561755151684566
160,200,0.5521395664247449,0.32139457530170923,0.6173939950980394,0.10322828274844711,0.3798375581601163,0,images-works-175_s.jpg,0.3602535453692341,4.373403917837883
159,200,0.21314577621452882,0.7056628064924887,0.5816907140214577,0.04896619692921459,0.43805480345197007,0,images-works-1760_s.jpg,0.14217920146961,4.642326369641177
165,200,0.2699369154584184,0.2730531351125333,0.6081642305407011,0.09823434285811526,0.4302374640408701,0,images-works-1773_s.jpg,0.29262851832932285,4.429144262309895
175,200,0.44556927743355634,0.3993230964999493,0.497436974789916,0.07748622466241398,0.3956182381583331,0,images-works-1792_s.jpg,0.2995954303957308,4.290123279696352
263,200,0.29242666364226827,0.4382929771242407,0.5820206516066503,0.04232617824418914,0.46802969562646074,0,images-works-17_s.jpg,0.20715676502282274,5.20241691617502
106,200,0.3860727905358248,0.38591267661825646,0.6694162042175361,0.014448977079084378,0.35273558858185994,0,images-works-1828_s.jpg,0.09513738780320963,4.322848814723351
155,200,0.716816474213093,0.13708969172859373,0.40674244149272615,0.07092507091603685,0.3848962465643474,0,images-works-1834_s.jpg,0.26316269149938054,4.2869382686718
149,200,0.257533681135051,0.4755107069569478,0.5004049217002237,0.08955228385791822,1.0638976863878098,0,images-works-1836_s.jpg,0.26547805848393263,5.299949567326654
164,200,0.4298963889520503,0.6600585341198202,0.41654363940698225,0.061339783581484696,0.48528138664616033,0,images-works-183_s.jpg,0.2252824172262591,4.373154741701659
140,200,0.18563449209761756,0.38340747460263935,0.4333036414565826,0.0586089890673132,0.5362689425940036,0,images-works-1845_s.jpg,0.2183485569525318,5.1486612105508
238,200,0.3736135092882454,0.20583239322636007,0.5606126215191958,0.030061158364858936,0.572416789913062,0,images-works-1874_s.jpg,0.17017550314475582,5.0989081972407675
124,200,0.27968169975960644,0.3678432683087368,0.6178374446552813,0.06730304569442394,0.68227836968693,0,images-works-1878_s.jpg,0.2559236961184059,4.986345866388482
289,200,0.3020892000001203,0.32344956675362235,0.6896051292489314,0.020469991571598983,0.34440073121200365,0,images-works-1885_s.jpg,0.13207086519813854,4.442831510505869
148,200,0.6593678018610941,0.7216904013802221,0.4551045310015898,0.06604597712879928,0.2002388855528685,0,images-works-18_s.jpg,0.17166665135532252,3.329427124715647
249,200,0.2288429432396756,0.5519443621851359,0.47867013150641796,0.049327727025325285,0.6183491634707659,0,images-works-1906_s.jpg,0.19574079987538598,5.032827072823504
165,200,0.29289294329591015,0.3924205842285618,0.4646610814022578,0.0884824129148745,0.5702017370038379,0,images-works-1929_s.jpg,0.2798320650589957,4.992528551971935
153,200,0.5556950715407278,0.27233130219227014,0.5674713571703192,0.031161195203364987,0.3561575978462608,0,images-works-1936_s.jpg,0.15961149633256863,4.968727343875759
166,200,0.16023291621627087,0.696491521361685,0.5873577840774864,0.055387497232004125,0.48666408538230205,0,images-works-1941_s.jpg,0.2014863873605135,4.922894854180996
166,200,0.5024677805856456,0.09242762854749244,0.5756328844790928,0.023720418488841207,0.41434529841074347,0,images-works-1942_s.jpg,0.1534869926221824,4.852963538171475
150,200,0.10221134417282547,0.12405126247570293,0.7458317647058825,0.065351234554761,0.4147520517040944,0,images-works-1949_s.jpg,0.2665609267582213,4.2600247660019015
126,200,0.3487903132040066,0.24283429339292267,0.4389573607220666,0.05784347085723664,0.5281892332706697,0,images-works-1951_s.jpg,0.22315199137434785,4.8916268067176
166,200,0.23107212639154062,0.4280733346267907,0.4902153319158989,0.061344699767804274,0.717094048535383,0,images-works-1958_s.jpg,0.2367608149610738,5.205854230636258
259,200,0.22220212956686147,0.2705430463668599,0.6081486107956695,0.0273967709748217,0.35518990610030743,0,images-works-1970_s.jpg,0.1398381192256186,4.768908414141066
165,200,0.28552738832631364,0.23099293814996935,0.7395598336304218,0.06309182988084332,0.5629218555296355,0,images-works-1982_s.jpg,0.2647737362666208,4.6181029228356065
258,200,0.13045674869855603,0.3749111702860155,0.7053217054263565,0.040977543624049546,0.43261450866569123,0,images-works-1990_s.jpg,0.1928848982858413,4.877188270625566
137,200,0.7567555723953816,0.20560763062993415,0.49318720480893086,0.07867280386527811,0.4671430241669241,0,images-works-1991_s.jpg,0.27564686376359254,4.878675093776
113,200,0.21259263377575002,0.3857772712064638,0.5882741627624501,0.049166291916194926,0.5241339006070163,0,images-works-1_s.jpg,0.20694779350847894,5.131801744668681
148,200,0.12816390706043268,0.5114986622865646,0.5862278749337573,0.07300649740435282,0.4428784139964111,0,images-works-2011_s.jpg,0.24464318319485565,4.433907674884235
364,200,0.13347071465124025,0.7146464982343551,0.4644529196293903,0.048270519175253344,0.32359508874776377,0,images-works-2025_s.jpg,0.18701305514443153,5.010659557789479
161,200,0.11071335562414666,0.3119451146556177,0.7460440872000976,0.049236083603922315,0.3176065795620851,0,images-works-2028_s.jpg,0.24859169417200028,4.069045319063431
156,200,0.3104898926098222,0.49601275281163354,0.5819754901960783,0.05819290655529432,0.707184785582031,0,images-works-2033_s.jpg,0.23073564878103073,4.829504964061941
164,200,0.3506021296309674,0.28456944868233686,0.5251477761836443,0.14797911493886146,0.40320476583398634,0,images-works-2078_s.jpg,0.3675274464452479,3.967103790279757
148,200,0.3193547684722306,0.17468811902779008,0.6183096184419714,0.052581106574152235,0.4344259441876713,0,images-works-2083_s.jpg,0.24335167258784482,4.185441446730159
157,200,0.5565951941512629,0.308457313755198,0.45140651929561626,0.020199948204057558,0.26054374972868066,0,images-works-2112_s.jpg,0.12434059207777708,4.430835359887795
157,200,0.08956522673976598,0.566108120186629,0.6002280504558511,0.05629585867898248,0.6492515994754288,0,images-works-2142_s.jpg,0.16960519101491675,5.131566235671578
273,200,0.519195587324924,0.3719413043933756,0.5914114774114775,0.05331169990119521,0.5046568262924925,0,images-works-2144_s.jpg,0.2549361717596885,4.74904427942165
160,200,0.1320503079182062,0.3552018975656358,0.5652333333333334,0.032627925371011154,0.46169956221750635,0,images-works-2154_s.jpg,0.16000403517524595,4.894458065796403
149,200,0.4739200649313281,0.5438501019747863,0.4152814844058429,0.10096139507042373,0.7830867777427601,0,images-works-2157_s.jpg,0.26241953099032306,4.864541237320564
106,200,0.2434031594824502,0.27050393045570503,0.7231403995560488,0.05834217709180642,0.3250577214864372,0,images-works-2166_s.jpg,0.22684137768190196,4.6740357537936505
156,200,0.4183770490817445,0.3564181787762997,0.593843137254902,0.05857809379035677,0.36356660197444063,0,images-works-2172_s.jpg,0.2537627883552096,4.49354452904225
137,200,0.3353103925351992,0.523777006665058,0.5600051524259338,0.14144715836564867,0.7219892064759028,0,images-works-2173_s.jpg,0.37677496526266396,4.598343521729633
272,200,0.402003257924834,0.22094471020204406,0.44099372837370243,0.06420460905049641,0.3315897307085329,0,images-works-2187_s.jpg,0.2534570526335097,4.487973126331034
127,200,0.43258754776523095,0.5499700903597144,0.4595220009263548,0.07197702896178111,0.52860758277582,0,images-works-2190_s.jpg,0.20253274695173082,4.70429458872067
131,200,0.09594823583419888,0.14287676508402783,0.7647843137254903,0.013166404888313653,0.3018356340531933,0,images-works-2216_s.jpg,0.12307585231265633,4.217131122663193
194,200,0.28079728993028297,0.4015106683096107,0.6532541944612897,0.07548293590440516,0.3091724353006219,0,images-works-2230_s.jpg,0.30262126300790354,4.605344159783282
123,200,0.37317798936833374,0.22972546045742392,0.6961830065359478,0.06445482475887428,0.6700277542862924,0,images-works-2244_s.jpg,0.2619925799791118,4.519896422074895
157,200,0.1796007559854447,0.7411690795330402,0.36587386037217434,0.02706420737381206,0.2683300569748866,0,images-works-2263_s.jpg,0.08719220027457567,4.475254711011428
121,200,0.16247432005344017,0.5265302714685616,0.32887489871981845,0.04392407335231013,0.4684436072861454,0,images-works-2276_s.jpg,0.17417965663679866,5.087593189294371
144,200,0.14680208088010244,0.6599465440495791,0.26532802287581697,0.057141581842019895,0.2358182197744267,0,images-works-2281_s.jpg,0.1976367861199542,4.429453403691672
139,200,0.18138422547448813,0.4485491537166818,0.4847603329101425,0.04679770837471567,0.4782906666317565,0,images-works-2283_s.jpg,0.19928922768722754,4.8620616028802175
131,200,0.21736870882026252,0.20556241798329938,0.6544129621314175,0.022972301095325786,0.36655477309075346,0,images-works-2291_s.jpg,0.1874373956815848,5.032967349136891
150,200,0.33574576767856923,0.45086334668383493,0.36395071895424835,0.02800087891445171,0.366701286609198,0,images-works-2298_s.jpg,0.15497881655752438,4.969453873641903
148,200,0.08189324856412006,0.6841113972320024,0.5521240063593005,0.04980374945299737,0.4337211335063328,0,images-works-2310_s.jpg,0.16682225902159575,4.582910208124663
160,200,0.23528743199701876,0.4083160436441435,0.3855328431372549,0.02817770733155517,0.5939791390515355,0,images-works-2324_s.jpg,0.16380122149468335,5.345807720594063
150,200,0.1252588503258517,0.5789751523185476,0.8786369934640523,0.021211445096689305,0.4965983952306924,0,images-works-2432_s.jpg,0.15793742087776375,4.97440199132946
158,200,0.34710474333420094,0.40870636821921225,0.754933482253661,0.044918010092688025,0.4780699414574772,0,images-works-2442_s.jpg,0.22550723373818407,4.55206131499343
272,200,0.31272956819899805,0.08085665451922265,0.727623774509804,0.021518145843846117,0.4135251421466633,0,images-works-2449_s.jpg,0.14153518187079855,5.144430197483672
154,200,0.31280079603032024,0.08651632463780282,0.7592974280621341,0.05378522257575854,0.7077723898810062,0,images-works-2450_s.jpg,0.23397706986304595,5.064645791497055
148,200,0.16226968945641015,0.18205131760839566,0.5560712771595125,0.012547895456781949,0.3066627015041019,0,images-works-2457_s.jpg,0.10498517208058836,4.516720542697391
162,200,0.1761709663420935,0.35598148763175885,0.3953606874848705,0.07210760660125036,0.3897528113084417,0,images-works-2479_s.jpg,0.22460202621084976,4.952314514860826
131,200,0.15182008711031192,0.5836826551186345,0.5081386020056878,0.058876687634473165,0.5817812260564131,0,images-works-2482_s.jpg,0.16990081181998698,5.185233334716672
173,200,0.1173609243248952,0.296118646380129,0.836314292190865,0.008239400781503536,0.23633174659259099,0,images-works-2511_s.jpg,0.19116569333598193,3.8589418184079944
138,200,0.14240206699239646,0.47470328367303904,0.41566879795396416,0.06485127595955169,0.476232358139886,0,images-works-2549_s.jpg,0.21876948961363396,4.6640434050635005
128,200,0.09963299002484974,0.2168810999701834,0.6509240196078432,0.07923049110318146,0.6747637851483715,0,images-works-2553_s.jpg,0.2766527781606267,5.051443138238612
133,200,0.30183185570234455,0.3554368913357348,0.5293492554916703,0.0734390030679373,0.5050830632334289,0,images-works-2556_s.jpg,0.2762167112245377,5.136346432762172
125,200,0.09793698132506298,0.13467611985079325,0.772483294117647,0.0185005114817747,0.5189036910635696,0,images-works-2575_s.jpg,0.14426174574323827,4.759358842536935
133,200,0.3209408210578609,0.32252980626935085,0.4373893557422969,0.07260423303439022,0.3509549635651599,0,images-works-2579_s.jpg,0.22012792935459569,4.133965300751794
132,200,0.10140472568772613,0.39685556578863057,0.6250227272727272,0.03198232082258307,0.4470700144097464,0,images-works-2583_s.jpg,0.17270553556386312,5.068585832534511
142,200,0.1921872059882712,0.3260987788013438,0.9179587130626901,0.0025848799389603483,0.2185414378691864,0,images-works-2587_s.jpg,0.1418274810326113,3.8777626565892294
153,200,0.10577443314267325,0.30989432246752097,0.6874127899525821,0.04600045226341226,0.3842518930873608,0,images-works-2589_s.jpg,0.20792019702266215,4.620799908357502
152,200,0.10427912055001956,0.7737449373989694,0.706544633642931,0.06687651255689799,0.39081534353930597,0,images-works-2595_s.jpg,0.18374730607367012,4.9173129260561765
241,200,0.14543550982697587,0.473048048415534,0.7017866731754943,0.08392567971385148,0.42014564738380517,0,images-works-2628_s.jpg,0.3049814190343906,3.8166558482780153
125,200,0.3175934755778978,0.14433802976034119,0.5041909019607843,0.03708769247301191,0.48983319554571486,0,images-works-262_s.jpg,0.19415090087842893,5.374176082184626
153,200,0.1516226853207,0.32919641288691126,0.6637316416762783,0.009699027485510037,0.25893487665678794,0,images-works-2633_s.jpg,0.10311597766098803,4.421039985236474
135,200,0.3282483487415212,0.37572925357779724,0.4737068990559187,0.09321663075067148,0.7492813676073448,0,images-works-263_s.jpg,0.27511853718159573,5.1324058330250955
119,200,0.17067357148592113,0.2482120774965309,0.8501550502553964,0.014424428093212994,0.27828031656519164,0,images-works-2647_s.jpg,0.11331055717466232,4.229480554888964
154,200,0.23060904069743213,0.5106577272140297,0.3469365928189458,0.06132487708419941,0.31893921633835953,0,images-works-2654_s.jpg,0.197804756774948,4.619354557356309
163,200,0.0,0.0,0.5509830386142187,0.10096546443211003,0.4565732922321969,0,images-works-2655_s.jpg,0.3177506324653284,4.414575566409212
165,200,0.07052727068540252,0.23260018189185103,0.46853024361259654,0.05821630362378811,0.2760281587136774,0,images-works-2693_s.jpg,0.20276879594053238,4.721894546810111
125,200,0.14421027221633134,0.2594998094520672,0.7304406274509805,0.03278329884245136,0.40579359314427665,0,images-works-2702_s.jpg,0.17609666917533146,4.607766470712627
153,200,0.1100804086037205,0.6877547247223317,0.7296637190824041,0.05879932438640363,0.5956762376227421,0,images-works-2723_s.jpg,0.2495157917851298,5.377169216791461
161,200,0.107399579986086,0.7362668669440697,0.4896190476190476,0.047645607321189345,0.6852504937549698,0,images-works-2782_s.jpg,0.17024241158929138,5.476743496877255
153,200,0.14167625748193538,0.38391810893752376,0.6928305779828271,0.04716151749635952,0.4608317644210324,0,images-works-2832_s.jpg,0.20834914939706167,4.844456909283475
152,200,0.09711279746596468,0.5644486997003774,0.6139950980392157,0.052235364086940246,0.6261391486297946,0,images-works-2841_s.jpg,0.17415653437455814,5.359964709693333
136,200,0.22276776240596685,0.614141501970115,0.5141382641291811,0.04919218719508251,0.344134011193642,0,images-works-2890_s.jpg,0.20464382741095694,4.6088369230238415
131,200,0.6306450377912927,0.3424934654708976,0.6920229007633588,0.0578997117529821,0.46546544681184293,0,images-works-28_s.jpg,0.23239992225520817,4.92783349177163
144,200,0.3376420547988509,0.1507492199508311,0.7082163671023964,0.04996652416225167,0.26387351484358246,0,images-works-2991_s.jpg,0.26503880049104683,3.882170748635791
146,200,0.2762626866098088,0.4407593219847406,0.4749278807413376,0.052362241669088976,0.38185641614239824,0,images-works-2_s.jpg,0.23662275893034554,4.598329522863797
97,200,0.4848876768156095,0.34441078284370363,0.36603214069132806,0.04745123096735647,0.40299241043681827,0,images-works-3001_s.jpg,0.21286231951576973,4.8336877121217
157,200,0.18641059638055782,0.3691854366946486,0.46803259647808165,0.05672721638690724,0.606469715696159,0,images-works-3004_s.jpg,0.21320113087981196,5.462237970187729
152,200,0.18992518249077864,0.47198276133647094,0.595766124871001,0.02794643466886204,0.35952109714454966,0,images-works-3010_s.jpg,0.16024194561631072,4.785341085767437
159,200,0.2209629386993277,0.23266488093107354,0.5489429029473424,0.017568887551153028,0.3712298025771702,0,images-works-3040_s.jpg,0.12410756938836852,5.0748983527264775
151,200,0.12577169194968368,0.5067997717658547,0.6199294896766653,0.03842649609385492,0.4146280585365717,0,images-works-3085_s.jpg,0.1974832036303921,4.878066542110482
158,200,0.16045159678076654,0.41282703244172564,0.42563973690742124,0.05989681575725099,0.6784431053984897,0,images-works-3095_s.jpg,0.209723687033056,5.45632605475595
156,200,0.13484796353033085,0.7022410027910656,0.4163129713423831,0.028214166740033988,0.40893006424353195,0,images-works-3102_s.jpg,0.12846881577618005,5.207493534299203
159,200,0.25831235736427705,0.31199642486085216,0.5208357380688124,0.04933282377208207,0.6323379456703323,0,images-works-3113_s.jpg,0.22656024502900526,5.442719839016757
149,200,0.09815251334942755,0.1139162537656603,0.7555471772601658,0.03875986433118021,0.5780906486270806,0,images-works-3197_s.jpg,0.2007393213016739,4.806204649576036
141,200,0.6033545184373575,0.5030829029615712,0.29331914893617017,0.008923650658674011,0.2210325649614005,0,images-works-31_s.jpg,0.08428186719454468,4.217894320043722
153,200,0.10937621646763912,0.6611082650417761,0.4379042675893887,0.060598934529661426,0.4198985070366181,0,images-works-3219_s.jpg,0.17802031133404253,4.979130721324657
155,200,0.13338557035651066,0.4708638387277931,0.6602375711574954,0.07907802578638408,0.39470717429592034,0,images-works-3272_s.jpg,0.27315523653358575,4.058145637962958
150,200,0.07777156789296072,0.7292595359355325,0.4362777777777778,0.02168640752488359,0.29670635150436714,0,images-works-3297_s.jpg,0.11946225539545402,4.383088385997411
150,200,0.23604661378239367,0.3131312698648753,0.4670735947712418,0.039397769050040575,0.36151209328202466,0,images-works-3301_s.jpg,0.16724567932832896,4.862360119922136
146,200,0.16642598600989822,0.5512586563322709,0.7665209508460918,0.013297933715733855,0.38764431928730486,0,images-works-3337_s.jpg,0.10911648806189742,4.8515316207011665
162,200,0.11772524871970474,0.28889685630159323,0.38844698620188817,0.029882704461431688,0.29564467676978873,0,images-works-3351_s.jpg,0.15539629472953476,4.881406181014645
149,200,0.05689774758775533,0.8261957934717915,0.5533087248322147,0.03259718137657103,0.29702461271983066,0,images-works-3372_s.jpg,0.10467314713483247,4.593470589115619
141,200,0.39239394399941496,0.2735907063007336,0.4846253650396328,0.020506853562607553,0.381933973994836,0,images-works-3377_s.jpg,0.17106399855049398,4.978391110409784
147,200,0.1284689418420918,0.680868960780552,0.90025116713352,0.01581208033453033,0.3261462387024138,0,images-works-3378_s.jpg,0.13210587365879237,4.854954959491476
151,200,0.3047504882926138,0.6120086121143783,0.5467087391247889,0.023017441240874504,0.29357318325258347,0,images-works-33_s.jpg,0.1589295716711146,4.569744144289577
162,200,0.21857001102040402,0.6021512174607354,0.46100290486565,0.016454144100427764,0.34886936657638934,0,images-works-3412_s.jpg,0.10082089647452552,4.7556785473688405
137,200,0.22428932226126336,0.13771052573894157,0.6144287963360526,0.009397514548405124,0.25992150479857506,0,images-works-3421_s.jpg,0.10138950795022271,4.132454964734153
165,200,0.22076045996552768,0.20498393980902035,0.7230099821746881,0.05922330247861862,0.3299966975481502,0,images-works-3437_s.jpg,0.2713408089519796,3.7565119989591516
174,200,0.4651322874567308,0.41482390649286693,0.4086248591390579,0.04295391170716782,0.4828474277630721,0,images-works-3447_s.jpg,0.1892727142694484,5.248086393292172
264,200,0.2564241108601916,0.3300102086767073,0.46634796494355313,0.02959633831829863,0.4777994510268813,0,images-works-3451_s.jpg,0.15869287411283345,5.3022631377037674
138,200,0.3449426053938183,0.41288690212836177,0.48603765274225635,0.0487047692446138,0.4811694687478848,0,images-works-3461_s.jpg,0.2131239526313848,5.102252050559322
129,200,0.387563650132669,0.5543855755374271,0.34200547195622427,0.04971793499206771,0.3790115391536888,0,images-works-3475_s.jpg,0.19807212367623822,4.656089637148106
158,200,0.398743994855386,0.39824731983892625,0.40865140233308517,0.03503232964012584,0.31755760884929857,0,images-works-3501_s.jpg,0.1735952017960685,4.662205519358776
141,200,0.10998951760794895,0.5873487227707793,0.8779090529828953,0.007660447963421573,0.24584256500677973,0,images-works-3545_s.jpg,0.1155502433241934,4.139306947979117
166,200,0.538202597667916,0.3434685943303738,0.6648961729270021,0.013775306915171977,0.37554815512887685,0,images-works-3570_s.jpg,0.14541597246839208,5.223912499503178
155,200,0.33706853153175936,0.37985769902442607,0.23366476913345985,0.053120410049604716,0.3787252854995956,0,images-works-3584_s.jpg,0.22648084176662725,3.987324273650123
197,200,0.16107873355468988,0.4258101611636328,0.3761196377027969,0.04394510602124825,0.47286344014478265,0,images-works-35_s.jpg,0.15535383464126953,4.995506369029178
164,200,0.4139170428869339,0.4423790868866637,0.5111643950263032,0.04059091877842195,0.37218220864639107,0,images-works-3634_s.jpg,0.18786549179949616,4.866181997938366
148,200,0.1105133428233401,0.7325646746951391,0.5776372549019606,0.02712087773673327,0.25097534340179256,0,images-works-36_s.jpg,0.12907929412121466,3.8424129702848075
124,200,0.1421746950876896,0.522817763280643,0.834162239089184,0.024436483482399508,0.3116568106006866,0,images-works-3734_s.jpg,0.20828639301918894,4.450905247956603
116,200,0.45839293968901873,0.4861249446048148,0.4570518931710616,0.06931941562763864,0.5085515361297422,0,images-works-3934_s.jpg,0.1690311735733654,4.9926750006865595
144,200,0.23398116020630136,0.4275079044179267,0.7469455337690633,0.06552039277865589,0.5113298256110532,0,images-works-3941_s.jpg,0.3499313532091037,4.3671062979705395
160,200,0.4557117775566459,0.22205458949091178,0.4575807598039216,0.06631241890317124,0.555001608093108,0,images-works-3943_s.jpg,0.254142585096856,4.824247985539668
325,200,0.4140842808637876,0.2069602978790121,0.39733701357466067,0.0438923599568814,0.31123573790833814,0,images-works-3944_s.jpg,0.18765117636324113,4.865836198991855
148,200,0.3045462882746727,0.5747740807088819,0.36485956544780074,0.11369394335886433,0.5562178229232794,0,images-works-3956_s.jpg,0.34855089464304106,3.9580139342275533
150,200,0.46065382056489634,0.17094622792900319,0.5477616993464053,0.03906213418550131,0.25177874320995125,0,images-works-3960_s.jpg,0.1857840464571032,4.0363499135117396
158,200,0.4166193091194062,0.05362245794932968,0.3962978406552495,0.021110956877111037,0.20760012381940254,0,images-works-3984_s.jpg,0.1476304554514758,3.000758785979812
150,200,0.14326055430686135,0.12596199756742982,0.7587194771241831,0.06196136095320603,0.21824029287533267,0,images-works-3986_s.jpg,0.28640599314441045,1.8178164990345929
242,200,0.41447734413294074,0.5887290069974286,0.46913036784961915,0.07112012289955964,0.6897261675419613,0,images-works-3990_s.jpg,0.23090925627143907,5.223984298463259
167,200,0.2286851144662256,0.4222587666972842,0.6207529646589174,0.018185167411704298,0.18300288315466984,0,images-works-39_s.jpg,0.12443765859978285,4.301068932565631
144,200,0.13504130533834158,0.6857711958742262,0.7270024509803922,0.029366456944310948,0.36891867563986847,0,images-works-4000_s.jpg,0.17585680547953972,4.865192708587325
155,200,0.18887659278050906,0.4062258517171083,0.6703185325743201,0.016933181219838202,0.33135750416565557,0,images-works-4008_s.jpg,0.16311245523931286,4.630376739093802
130,200,0.31488571805904014,0.2863780870605452,0.5912404223227753,0.05163381544704017,0.3704574077373429,0,images-works-4050_s.jpg,0.2332866997601138,4.642650847743332
162,200,0.28046033900563655,0.43831080877357803,0.42680755265068987,0.02451807414158003,0.4925014047384666,0,images-works-4053_s.jpg,0.1462135827106081,4.933578054395678
138,200,0.2596291102403472,0.13465451495459396,0.7257946859903383,0.05485099187431829,0.2618929112030395,0,images-works-4055_s.jpg,0.2572322633179499,2.7330151456975975
200,200,0.602816660821566,0.3842410015328385,0.688925,0.057133796508794694,0.5111325984931395,0,images-works-4070_s.jpg,0.2655818978886908,4.662151376960603
198,200,0.2150639206218379,0.4287390605973778,0.6469880174291939,0.035647374976321373,0.4101120646858425,0,images-works-40_s.jpg,0.21611264068487246,5.082140508459894
136,200,0.468421030917603,0.2646231542259281,0.45553200692041523,0.01693018404012497,0.2761228628364745,0,images-works-41_s.jpg,0.11300881894747938,4.62301626670197
112,200,0.20780171469823408,0.5344499261733936,0.5771447829131652,0.026665156902191022,0.37239623491610724,0,images-works-44_s.jpg,0.18086554331912713,4.729468500859066
117,200,0.20831445171412918,0.37009100475511447,0.5313376906318082,0.043055892474696524,0.5230178581639842,0,images-works-51_s.jpg,0.2119009877008118,5.147178971723025
162,200,0.08683620370065315,0.5744055309099131,0.29689264100702006,0.030855173137115433,0.27769797115839423,0,images-works-55_s.jpg,0.13449980871088107,4.601735797526188
192,200,0.144827880839769,0.516414776768945,0.6074484272875816,0.04619850938089676,0.5156640398266839,0,images-works-56_s.jpg,0.1972305803792922,5.0417064347168985
155,200,0.101392256935004,0.5995444000365319,0.6512,0.04656415958328683,0.5494397539607356,0,images-works-57_s.jpg,0.22800312226675545,5.153317153075809
141,200,0.15887205935279297,0.5592354189272806,0.37058781810596575,0.07953213521241467,0.4271562284802501,0,images-works-61_s.jpg,0.23552670592480746,4.6161466370553965
144,200,0.25999855818877743,0.6385766503625748,0.32177096949891065,0.05845628248031087,0.5348518893748957,0,images-works-62_s.jpg,0.17191414434701713,4.872675632413196
133,200,0.18623040384050382,0.5815320204060582,0.47657997936016516,0.04100018286899791,0.496376118050761,0,images-works-64_s.jpg,0.19453815750484238,5.130443358651729
133,200,0.5081504792433137,0.2623448065845997,0.23397537962553439,0.01863487033127302,0.20231520923602356,0,images-works-6_s.jpg,0.13461903075628978,4.088194707951285
175,200,0.11747768676321323,0.7718492135566509,0.5418324929971989,0.02235191719323023,0.2985380373808288,0,images-works-73_s.jpg,0.08812817558537728,4.714238874567149
158,200,0.20625469678128347,0.3691031595699425,0.2326608339538347,0.01766878499023985,0.25521295304118763,0,images-works-80_s.jpg,0.11825774393207764,4.555973727605067
149,200,0.11968732636178686,0.34169543244320216,0.7914670351362023,0.052352943189396386,0.710455085172104,0,images-works-840_s.jpg,0.23223174236784014,5.143744071368215
137,200,0.11984096549054014,0.3682954942483617,0.47897552597681403,0.01957586354367367,0.39604305653353217,0,images-works-85_s.jpg,0.15122145980100463,5.327188370314879
253,200,0.49497414382748994,0.3290630865496321,0.47733534836859653,0.11356853916223782,0.6298628250551229,0,images-works-88_s.jpg,0.3630193584903492,4.6229661774377195
164,200,0.27351058525394567,0.4309828335244723,0.6501213534194166,0.09322647813256685,0.6572664960985578,0,images-works-89_s.jpg,0.325827601024394,4.745272853902576
151,200,0.1605481212409667,0.1555898615310759,0.5656430333722894,0.055566443027861824,0.45368258594530814,0,images-works-911_s.jpg,0.2295634517878532,4.857225288028472
159,200,0.34739035901672766,0.20881467475986726,0.6391619188555925,0.0628948827239346,0.3806201106027675,0,images-works-93_s.jpg,0.26323554283557526,4.243078338928593
165,200,0.38238680900155597,0.2992863751401429,0.6363818181818182,0.028307233949942962,0.40076229895292376,0,images-works-95_s.jpg,0.1776561331800678,4.960404882441805
146,200,0.33469743997642193,0.268496581528729,0.4957871340316949,0.026329564964422146,0.3128488941213917,0,images-works-97_s.jpg,0.16005017644162914,4.581870700694445
